{
    "@class": "Structure",
    "@module": "pymatgen.core.structure",
    "charge": 0,
    "lattice": {
        "a": 5.894697794641215,
        "alpha": 61.42898102391164,
        "b": 5.894697794641215,
        "beta": 61.42898102391164,
        "c": 5.894698143711941,
        "gamma": 61.42898117302322,
        "matrix": [
            [
                5.067808,
                -3.010778,
                0.0
            ],
            [
                5.067808,
                3.010778,
                0.0
            ],
            [
                3.279109,
                0.0,
                4.89846
            ]
        ],
        "pbc": [
            true,
            true,
            true
        ],
        "volume": 149.48184460122457
    },
    "sites": [
        {
            "abc": [
                0.242348,
                0.242348,
                0.242348
            ],
            "label": "Ti",
            "properties": {
                "magmom": 0.0
            },
            "species": [
                {
                    "element": "Ti",
                    "occu": 1
                }
            ],
            "xyz": [
                3.2510317743,
                -3.04686376182417e-17,
                1.18713198408
            ]
        },
        {
            "abc": [
                0.631036,
                0.099237,
                0.631036
            ],
            "label": "Ti",
            "properties": {
                "magmom": 0.0
            },
            "species": [
                {
                    "element": "Ti",
                    "occu": 1
                }
            ],
            "xyz": [
                5.770119178508001,
                -1.6011287296220003,
                3.0911046045600004
            ]
        },
        {
            "abc": [
                0.631036,
                0.631036,
                0.099237
            ],
            "label": "Ti",
            "properties": {
                "magmom": 0.0
            },
            "species": [
                {
                    "element": "Ti",
                    "occu": 1
                }
            ],
            "xyz": [
                6.721347518009001,
                -1.068464738835928e-16,
                0.48610847502000004
            ]
        },
        {
            "abc": [
                0.099237,
                0.631036,
                0.631036
            ],
            "label": "Ti",
            "properties": {
                "magmom": 0.0
            },
            "species": [
                {
                    "element": "Ti",
                    "occu": 1
                }
            ],
            "xyz": [
                5.770119178508001,
                1.6011287296220003,
                3.0911046045600004
            ]
        },
        {
            "abc": [
                0.870171,
                0.365406,
                0.365406
            ],
            "label": "O",
            "properties": {
                "magmom": -0.0
            },
            "species": [
                {
                    "element": "O",
                    "occu": 1
                }
            ],
            "xyz": [
                7.45987310847,
                -1.51973535717,
                1.78992667476
            ]
        },
        {
            "abc": [
                0.365406,
                0.365406,
                0.870171
            ],
            "label": "O",
            "properties": {
                "magmom": -0.0
            },
            "species": [
                {
                    "element": "O",
                    "occu": 1
                }
            ],
            "xyz": [
                6.5570004577350005,
                -6.145832965387399e-17,
                4.262497836660001
            ]
        },
        {
            "abc": [
                0.365406,
                0.870171,
                0.365406
            ],
            "label": "O",
            "properties": {
                "magmom": -0.0
            },
            "species": [
                {
                    "element": "O",
                    "occu": 1
                }
            ],
            "xyz": [
                7.45987310847,
                1.51973535717,
                1.78992667476
            ]
        },
        {
            "abc": [
                0.382261,
                0.382261,
                0.382261
            ],
            "label": "O",
            "properties": {
                "magmom": -0.0
            },
            "species": [
                {
                    "element": "O",
                    "occu": 1
                }
            ],
            "xyz": [
                5.127926193225001,
                -1.7175916859457626e-17,
                1.87249021806
            ]
        },
        {
            "abc": [
                0.865247,
                0.865247,
                0.865247
            ],
            "label": "O",
            "properties": {
                "magmom": -0.0
            },
            "species": [
                {
                    "element": "O",
                    "occu": 1
                }
            ],
            "xyz": [
                11.607050562075,
                -2.0027667842725805e-16,
                4.23837781962
            ]
        },
        {
            "abc": [
                0.873676,
                0.423051,
                0.873676
            ],
            "label": "O",
            "properties": {
                "magmom": -0.0
            },
            "species": [
                {
                    "element": "O",
                    "occu": 1
                }
            ],
            "xyz": [
                9.4364422991,
                -1.35673183625,
                4.27966693896
            ]
        },
        {
            "abc": [
                0.873676,
                0.873676,
                0.423051
            ],
            "label": "O",
            "properties": {
                "magmom": -0.0
            },
            "species": [
                {
                    "element": "O",
                    "occu": 1
                }
            ],
            "xyz": [
                10.242474785975,
                -5.568976486358679e-17,
                2.07229840146
            ]
        },
        {
            "abc": [
                0.423051,
                0.873676,
                0.873676
            ],
            "label": "O",
            "properties": {
                "magmom": -0.0
            },
            "species": [
                {
                    "element": "O",
                    "occu": 1
                }
            ],
            "xyz": [
                9.4364422991,
                1.35673183625,
                4.27966693896
            ]
        }
    ]
}