{
    "@class": "Structure",
    "@module": "pymatgen.core.structure",
    "charge": null,
    "created_at": "2011-05-13 00:36:00",
    "download_at": "Wed Sep 23 10:09:26 2020",
    "lattice": {
        "a": 5.5664143697200625,
        "alpha": 140.05412509664004,
        "b": 5.5664143697200625,
        "beta": 140.05412509664004,
        "c": 5.5664143697200625,
        "gamma": 57.77112660629929,
        "matrix": [
            [
                -1.901355,
                1.901355,
                4.873876
            ],
            [
                1.901355,
                -1.901355,
                4.873876
            ],
            [
                1.901355,
                1.901355,
                -4.873876
            ]
        ],
        "volume": 70.47918758432873
    },
    "sites": [
        {
            "abc": [
                0.75,
                0.25,
                0.5
            ],
            "label": "Ti",
            "properties": {
                "magmom": 0.0
            },
            "species": [
                {
                    "element": "Ti",
                    "occu": 1
                }
            ],
            "xyz": [
                -1.1102230246251565e-16,
                1.9013550000000001,
                2.436938
            ]
        },
        {
            "abc": [
                0.0,
                0.0,
                0.0
            ],
            "label": "Ti",
            "properties": {
                "magmom": 0.0
            },
            "species": [
                {
                    "element": "Ti",
                    "occu": 1
                }
            ],
            "xyz": [
                0.0,
                0.0,
                0.0
            ]
        },
        {
            "abc": [
                0.956163,
                0.456163,
                0.5
            ],
            "label": "O",
            "properties": {
                "magmom": 0.0
            },
            "species": [
                {
                    "element": "O",
                    "occu": 1
                }
            ],
            "xyz": [
                0.0,
                1.901355,
                4.446563795575999
            ]
        },
        {
            "abc": [
                0.793837,
                0.793837,
                0.0
            ],
            "label": "O",
            "properties": {
                "magmom": 0.0
            },
            "species": [
                {
                    "element": "O",
                    "occu": 1
                }
            ],
            "xyz": [
                -4.1883212666959936e-17,
                4.1883212666959936e-17,
                7.738126204424001
            ]
        },
        {
            "abc": [
                0.543837,
                0.043837,
                0.5
            ],
            "label": "O",
            "properties": {
                "magmom": 0.0
            },
            "species": [
                {
                    "element": "O",
                    "occu": 1
                }
            ],
            "xyz": [
                -1.1102230246251565e-16,
                1.9013550000000001,
                0.4273122044240001
            ]
        },
        {
            "abc": [
                0.206163,
                0.206163,
                0.0
            ],
            "label": "O",
            "properties": {
                "magmom": 0.0
            },
            "species": [
                {
                    "element": "O",
                    "occu": 1
                }
            ],
            "xyz": [
                -1.6365887320901608e-17,
                1.6365887320901608e-17,
                2.009625795576
            ]
        }
    ]
}